{"is_source_file": true, "format": "bash", "description": "This script performs automated backups for various databases (SQLite, PostgreSQL, MySQL, MongoDB). It detects the active database and creates corresponding backup files.", "external_files": ["/usr/lib/postgresql/", "/usr/lib/postgresql/*/bin", "/var/run/mysqld/mysqld.sock"], "external_methods": ["mysqladmin", "mysql", "mysqldump", "mongosh", "mongodump", "pg_isready"], "published": [], "classes": [], "methods": [], "calls": ["ls", "cp", "echo", "sudo", "mysqladmin", "mysql", "mysqldump", "mongosh", "mongodump", "pg_isready"], "search-terms": ["backup_db.sh", "database backup script", "SQLite backup", "PostgreSQL backup", "MySQL backup", "MongoDB backup", "database detection", "database backup automation"], "state": 2, "file_id": 7, "knowledge_revision": 13, "git_revision": "84f716d6fbf9738a305b999ebd39a6deda677a97", "hash": "7af9aa35fa4940f934d83f6e2621b732", "format-version": 4, "code-base-name": "database", "filename": "database/backup_db.sh", "revision_history": [{"13": "84f716d6fbf9738a305b999ebd39a6deda677a97"}]}