{"is_source_file": true, "format": "bash", "description": "This is a shell script that handles restoring various types of databases from backup files, including SQLite, PostgreSQL, MySQL, and MongoDB. It detects the type of backup file present and performs the appropriate restore commands with multiple fallback options.", "external_files": ["database_backup.db", "database_backup.sql", "database_backup.archive"], "external_methods": ["ls", "sudo -u postgres pg_isready", "psql", "mysqladmin ping", "mysql", "mongosh", "mongorestore"], "published": [], "classes": [], "methods": [], "calls": ["ls", "sudo -u postgres pg_isready", "psql", "mysqladmin ping", "mysql", "mongosh", "mongorestore"], "search-terms": ["restore_db.sh", "database restore script", "PostgreSQL restore", "MySQL restore", "SQLite restore", "MongoDB restore", "backup files", "database detection"], "state": 2, "file_id": 2, "knowledge_revision": 11, "git_revision": "84f716d6fbf9738a305b999ebd39a6deda677a97", "hash": "67505395c0df4c9c001ab8f47571f3fb", "format-version": 4, "code-base-name": "database", "filename": "database/restore_db.sh", "revision_history": [{"11": "84f716d6fbf9738a305b999ebd39a6deda677a97"}]}