{"is_source_file": true, "format": "HTML", "description": "This is an HTML source file that defines the layout, style, and client-side logic for a database visualizer web interface with embedded CSS and JavaScript.", "external_files": [], "external_methods": [], "published": [], "classes": [], "methods": [], "calls": ["refreshDatabases()", "loadDatabases()", "fetchData('/api/databases')", "toggleDatabase()", "loadTables()", "loadTableData()", "renderTable()", "renderCell()", "expandCell()", "setActiveState()"], "search-terms": ["Database Viewer", "HTML layout", "embedded JavaScript", "client-side database visualization", "responsive CSS", "data table rendering", "expand/collapse cell", "reload databases"], "state": 2, "file_id": 4, "knowledge_revision": 12, "git_revision": "84f716d6fbf9738a305b999ebd39a6deda677a97", "hash": "ee63333a4841bf025439c755a74c9881", "format-version": 4, "code-base-name": "database", "filename": "database/db_visualizer/public/index.html", "revision_history": [{"12": "84f716d6fbf9738a305b999ebd39a6deda677a97"}]}