{"is_source_file": true, "format": "bash shell script", "description": "This script automates the setup and initialization of a PostgreSQL database server, including version detection, readiness checks, database creation, user setup with permissions, and environment configuration.", "external_files": ["/usr/lib/postgresql/| version directory", "/var/lib/postgresql/data", "db_connection.txt", "db_visualizer/postgres.env"], "external_methods": ["ls", "sudo", "pgrep", "sleep", "cat", "exit"], "published": [], "classes": [], "methods": [], "calls": ["ls /usr/lib/postgresql/", "sudo -u postgres ${PG_BIN}/pg_isready", "sudo -u postgres ${PG_BIN}/psql", "sudo -u postgres ${PG_BIN}/initdb", "sudo -u postgres ${PG_BIN}/postgres", "sudo -u postgres ${PG_BIN}/createdb", "cat db_connection.txt"], "search-terms": ["PostgreSQL startup", "database setup script", "pg_isready", "initdb", "setup permissions", "create user", "postgres version detection", "database initialization"], "state": 2, "file_id": 6, "knowledge_revision": 14, "git_revision": "84f716d6fbf9738a305b999ebd39a6deda677a97", "hash": "fa2aa67ea0a7c72f7c0958282f15a864", "format-version": 4, "code-base-name": "database", "filename": "database/startup.sh", "revision_history": [{"14": "84f716d6fbf9738a305b999ebd39a6deda677a97"}]}